ID,Beacon_Score,Mortgage_Balance,Avg_Monthly_Transactions,Has_Payroll,Has_Investment,Has_Visa,VISA_balance,Has_Deposit,Not_Mortgage_Balance,Services,Tenure_In_Months,TermInMonths,TermToMaturity,InterestRate,Closing_status
10678,460,930513,1,0,0,0,0,1,12911,2,35,48,23.5,0.0314,Renewed
10483,825,900825,111,1,0,1,2148.674206,1,212295,8,60,48,10.5,0.0309,Renewed
10007,801,243846.84,2,0,0,0,0,1,259.4366667,2,48.16666667,60,24,0.0385,Run-off
10531,815,360233,49,1,0,0,0,1,7616,4,407,60,5,0.0385,Renewed
9997,815,360226.24,49,1,0,0,0,1,7613.42,4,407,60,5,0.0385,Run-off
10603,805,210608,3,0,0,1,0,1,20002,2,60,60,25,0.0269,Renewed
10278,769,1201997,135,1,1,1,0,1,10133,5,100,60,5,0.0345,Renewed
10116,805,210610,3,0,0,1,0,1,20003,2,60,60,25,0.0269,Renewed
10175,761,118424,2,0,0,0,0,1,327,1,38,48,10,0.0385,Renewed
10403,805,210612,3,0,0,1,0,1,20004,2,60,60,25,0.0269,Renewed
10029,761,118413.5,2,0,0,0,0,1,324.0366667,1,37.66666667,48,10,0.0385,Run-off
10004,701,810977.39,2,0,0,0,0,1,35.97,1,60,12,4,0.0279,Run-off
10299,555,310766,1,0,0,0,0,1,287,2,35,60,25,0.0269,Renewed
10661,765,401958,1,0,0,0,0,1,200,1,40,60,16,0.0385,Renewed
10722,815,360244,49,1,0,0,0,1,7619,4,407,60,5,0.0385,Renewed
10353,764,648451,6,1,0,1,0,1,409073,5,122,60,15,0.0279,Renewed
10726,715,1247538,44,1,0,1,1778.468099,1,15413,7,272,60,16,0.0385,Renewed
10312,805,210622,3,0,0,1,0,1,20007,2,60,60,25,0.0269,Renewed
10745,742,202786,88,1,0,1,0,1,117867,7,297,60,7,0.0279,Renewed
10109,760,575951,5,0,0,1,0,1,55563,2,55,60,25,0.0259,Renewed
10326,715,1247546,44,1,0,1,1778.468099,1,15415,7,272,60,16,0.0385,Renewed
10545,742,202791,88,1,0,1,0,1,117868,7,297,60,7,0.0279,Renewed
10458,701,811011,2,0,0,0,0,1,46,1,60,12,4,0.0279,Renewed
10422,815,360260,49,1,0,0,0,1,7624,4,407,60,5,0.0385,Renewed
10257,742,202798,88,1,0,1,0,1,117871,7,297,60,7,0.0279,Renewed
10196,354,301257,1,0,0,0,0,1,51812,3,60,24,12,0.0304,Renewed
10060,815,360226.24,49,1,0,0,0,1,7613.42,4,407,60,5,0.0385,Run-off
10031,568,610258.05,97,0,1,1,508,1,4325.65,6,78,60,16,0.0279,Run-off
10006,765,401940.02,1,0,0,0,0,1,194.8366667,1,40,60,16,0.0385,Run-off
10023,764,648431.64,6,1,0,1,0,1,409067.67,5,122,60,15,0.0279,Run-off
10395,460,930554,1,0,0,0,0,1,12924,2,35,48,23.5,0.0314,Renewed
10444,764,648475,6,1,0,1,0,1,409081,5,122,60,15,0.0279,Renewed
10609,805,210644,3,0,0,1,0,1,20013,2,60,60,25,0.0269,Renewed
10387,460,930556,1,0,0,0,0,1,12924,2,35,48,23.5,0.0314,Renewed
10091,801,243846.84,2,0,0,0,0,1,259.4366667,2,48.16666667,60,24,0.0385,Run-off
10243,809,51558,46,1,1,0,0,1,207655,6,416,60,17,0.0279,Renewed
10286,825,900869,111,1,0,1,2148.674206,1,212309,8,60,48,10.5,0.0309,Renewed
10295,555,310799,1,0,0,0,0,1,297,2,35,60,25,0.0269,Renewed
10691,761,575974,5,0,0,1,0,1,55570,2,55,60,25,0.0259,Renewed
10669,770,1202040,135,1,1,1,0,1,10146,5,100,60,5,0.0345,Renewed
10432,716,1247569,44,1,0,1,1778.468099,1,15423,7,272,60,16,0.0385,Renewed
10430,681,274318,25,1,1,0,0,1,32601,4,175,24,10,0.0385,Renewed
10529,716,1247572,44,1,0,1,1778.468099,1,15423,7,272,60,16,0.0385,Renewed
10180,762,118471,2,0,0,0,0,1,341,1,38,48,10,0.0385,Renewed
10107,355,301278,1,0,0,0,0,1,51819,3,60,24,12,0.0304,Renewed
10038,805,210600.05,3,0,0,1,0,1,20000,2,60,60,25,0.0269,Run-off
10202,556,310811,1,0,0,0,0,1,300,2,35,60,25,0.0269,Renewed
10135,716,1247578,44,1,0,1,1778.468099,1,15425,7,272,60,16,0.0385,Renewed
10536,743,202823,88,1,0,1,0,1,117878,7,297,60,7,0.0279,Renewed
10521,681,274326,25,1,1,0,0,1,32603,4,175,24,10,0.0385,Renewed
10316,806,210663,3,0,0,1,0,1,20019,2,60,60,25,0.0269,Renewed
10334,816,360292,49,1,0,0,0,1,7633,4,407,60,5,0.0385,Renewed
10304,806,210670,3,0,0,1,0,1,20021,2,60,60,25,0.0269,Renewed
10642,743,202832,88,1,0,1,0,1,117881,7,297,60,7,0.0279,Renewed
10568,762,118486,2,0,0,0,0,1,346,1,38,48,10,0.0385,Renewed
10672,770,1202063,135,1,1,1,0,1,10153,5,100,60,5,0.0345,Renewed
10344,765,648508,6,1,0,1,0,1,409091,5,122,60,15,0.0279,Renewed
10451,743,202841,88,1,0,1,0,1,117883,7,297,60,7,0.0279,Renewed
10321,681,274343,25,1,1,0,0,1,32608,4,175,24,10,0.0385,Renewed
10266,825,1000970,2,0,0,0,0,1,40,2,100,60,12,0.0279,Renewed
10459,795,290839,2,0,0,0,0,1,169,2,79,24,4,0.0279,Renewed
10474,826,900904,111,1,0,1,2148.674206,1,212319,8,60,48,10.5,0.0309,Renewed
10656,795,290841,2,0,0,0,0,1,170,2,79,24,4,0.0279,Renewed
10377,826,900906,111,1,0,1,2148.674206,1,212320,8,60,48,10.5,0.0309,Renewed
10749,702,811061,2,0,0,0,0,1,61,1,60,12,4,0.0279,Renewed
10516,816,360312,49,1,0,0,0,1,7639,4,407,60,5,0.0385,Renewed
10470,802,243933,2,0,0,0,0,1,285,2,49,60,24,0.0385,Renewed
10210,761,576010,5,0,0,1,0,1,55581,2,55,60,25,0.0259,Renewed
10668,826,900911,111,1,0,1,2148.674206,1,212321,8,60,48,10.5,0.0309,Renewed
10237,816,360314,49,1,0,0,0,1,7640,4,407,60,5,0.0385,Renewed
10177,802,243937,2,0,0,0,0,1,286,2,49,60,24,0.0385,Renewed
10509,761,576018,5,0,0,1,0,1,55583,2,55,60,25,0.0259,Renewed
10146,810,51608,46,1,1,0,0,1,207670,6,416,60,17,0.0279,Renewed
10056,444,1509560.39,4,0,0,0,0,1,96839.51,2,35,60,25,0.0259,Run-off
10690,461,930609,1,0,0,0,0,1,12940,2,35,48,23.5,0.0314,Renewed
10429,716,1247616,44,1,0,1,1778.468099,1,15437,7,272,60,16,0.0385,Renewed
10100,461,930612,1,0,0,0,0,1,12941,2,36,48,23.5,0.0314,Renewed
10667,569,610359,97,0,1,1,508,1,4356,6,79,60,16,0.0279,Renewed
10652,702,811080,2,0,0,0,0,1,67,1,61,12,4,0.0279,Renewed
10497,761,576027,5,0,0,1,0,1,55586,2,56,60,25,0.0259,Renewed
10195,445,1509665,4,0,0,0,0,1,96871,2,36,60,25,0.0259,Renewed
10275,762,118518,2,0,0,0,0,1,355,1,38,48,10,0.0385,Renewed
10018,815,360226.24,49,1,0,0,0,1,7613.42,4,407,60,5,0.0385,Run-off
10161,810,51620,46,1,1,0,0,1,207674,6,417,60,17,0.0279,Renewed
10740,810,51621,46,1,1,0,0,1,207674,6,417,60,17,0.0279,Renewed
10361,702,811088,2,0,0,0,0,1,69,1,61,12,4,0.0279,Renewed
10065,764,648431.64,6,1,0,1,0,1,409067.67,5,122,60,15,0.0279,Run-off
10468,802,243960,2,0,0,0,0,1,293,2,49,60,24,0.0385,Renewed
10207,806,210714,3,0,0,1,0,1,20034,2,61,60,25,0.0269,Renewed
10302,461,930627,1,0,0,0,0,1,12946,2,36,48,23.5,0.0314,Renewed
10291,556,310867,1,0,0,0,0,1,317,2,36,60,25,0.0269,Renewed
10618,681,274382,25,1,1,0,0,1,32620,4,176,24,10,0.0385,Renewed
10716,816,360346,49,1,0,0,0,1,7649,4,408,60,5,0.0385,Renewed
10599,806,210722,3,0,0,1,0,1,20037,2,61,60,25,0.0269,Renewed
10384,770,1202113,135,1,1,1,0,1,10168,5,101,60,5,0.0345,Renewed
10122,806,210728,3,0,0,1,0,1,20038,2,61,60,25,0.0269,Renewed
10347,765,648560,6,1,0,1,0,1,409106,5,123,60,15,0.0279,Renewed
10742,743,202890,88,1,0,1,0,1,117898,7,298,60,7,0.0279,Renewed
10408,761,576053,5,0,0,1,0,1,55594,2,56,60,25,0.0259,Renewed
10094,568,610258.05,97,0,1,1,508,1,4325.65,6,78,60,16,0.0279,Run-off
10332,716,1247650,44,1,0,1,1778.468099,1,15447,7,273,60,16,0.0385,Renewed
10385,569,610391,97,0,1,1,508,1,4366,6,79,60,16,0.0279,Renewed
10418,681,274398,25,1,1,0,0,1,32625,4,176,24,10,0.0385,Renewed
10569,770,1202122,135,1,1,1,0,1,10170,5,101,60,5,0.0345,Renewed
10718,681,274398,25,1,1,0,0,1,32625,4,176,24,10,0.0385,Renewed
10357,743,202896,88,1,0,1,0,1,117900,7,298,60,7,0.0279,Renewed
10201,461,930649,1,0,0,0,0,1,12952,2,36,48,23.5,0.0314,Renewed
10241,716,1247656,44,1,0,1,1778.468099,1,15448,7,273,60,16,0.0385,Renewed
10187,770,1202130,135,1,1,1,0,1,10173,5,101,60,5,0.0345,Renewed
10296,445,1509703,4,0,0,0,0,1,96882,2,36,60,25,0.0259,Renewed
10247,765,648574,6,1,0,1,0,1,409110,5,123,60,15,0.0279,Renewed
10527,681,274408,25,1,1,0,0,1,32628,4,176,24,10,0.0385,Renewed
10598,761,576070,5,0,0,1,0,1,55599,2,56,60,25,0.0259,Renewed
10724,681,274410,25,1,1,0,0,1,32628,4,176,24,10,0.0385,Renewed
10303,761,576072,5,0,0,1,0,1,55599,2,56,60,25,0.0259,Renewed
10744,765,648580,6,1,0,1,0,1,409112,5,123,60,15,0.0279,Renewed
10285,569,610407,97,0,1,1,508,1,4370,6,79,60,16,0.0279,Renewed
10356,765,648581,6,1,0,1,0,1,409112,5,123,60,15,0.0279,Renewed
10413,807,210751,3,0,0,1,0,1,20045,2,61,60,25,0.0269,Renewed
10720,717,1247668,44,1,0,1,1778.468099,1,15452,7,273,60,16,0.0385,Renewed
10494,446,1509712,4,0,0,0,0,1,96885,2,36,60,25,0.0259,Renewed
10390,356,301372,1,0,0,0,0,1,51847,3,61,24,12,0.0304,Renewed
10625,817,360379,49,1,0,0,0,1,7659,4,408,60,5,0.0385,Renewed
10606,762,576078,5,0,0,1,0,1,55601,2,56,60,25,0.0259,Renewed
10341,766,648587,6,1,0,1,0,1,409114,5,123,60,15,0.0279,Renewed
10367,767,402096,1,0,0,0,0,1,242,1,41,60,16,0.0385,Renewed
10662,803,244005,2,0,0,0,0,1,307,2,49,60,24,0.0385,Renewed
10404,762,576083,5,0,0,1,0,1,55603,2,56,60,25,0.0259,Renewed
10595,807,210761,3,0,0,1,0,1,20048,2,61,60,25,0.0269,Renewed
10064,809,51512.9,46,1,1,0,0,1,207641.47,6,416,60,17,0.0279,Run-off
10001,809,51512.9,46,1,1,0,0,1,207641.47,6,416,60,17,0.0279,Run-off
10197,462,930676,1,0,0,0,0,1,12960,2,36,48,23.5,0.0314,Renewed
10685,356,301385,1,0,0,0,0,1,51851,3,61,24,12,0.0304,Renewed
10461,703,811142,2,0,0,0,0,1,85,1,61,12,4,0.0279,Renewed
10203,446,1509735,4,0,0,0,0,1,96892,2,36,60,25,0.0259,Renewed
10219,807,210777,3,0,0,1,0,1,20053,2,61,60,25,0.0269,Renewed
10167,703,811155,2,0,0,0,0,1,89,1,61,12,4,0.0279,Renewed
10684,446,1509739,4,0,0,0,0,1,96893,2,36,60,25,0.0259,Renewed
10588,356,301400,1,0,0,0,0,1,51855,3,61,24,12,0.0304,Renewed
10699,762,576104,5,0,0,1,0,1,55609,2,56,60,25,0.0259,Renewed
10713,817,360410,49,1,0,0,0,1,7669,4,408,60,5,0.0385,Renewed
10110,807,210786,3,0,0,1,0,1,20056,2,61,60,25,0.0269,Renewed
10622,817,360413,49,1,0,0,0,1,7669,4,408,60,5,0.0385,Renewed
10620,717,1247705,44,1,0,1,1778.468099,1,15463,7,273,60,16,0.0385,Renewed
10072,769,1201987.73,135,1,1,1,0,1,10130.21,5,100,60,5,0.0345,Run-off
10525,817,360416,49,1,0,0,0,1,7670,4,408,60,5,0.0385,Renewed
10171,796,290948,2,0,0,0,0,1,202,2,80,24,4,0.0279,Renewed
10364,703,811167,2,0,0,0,0,1,93,1,61,12,4,0.0279,Renewed
10643,811,51705,46,1,1,0,0,1,207699,6,417,60,17,0.0279,Renewed
10273,767,402133,1,0,0,0,0,1,253,1,41,60,16,0.0385,Renewed
10763,771,1202183,135,1,1,1,0,1,10189,5,101,60,5,0.0345,Renewed
10438,766,648627,6,1,0,1,0,1,409126,5,123,60,15,0.0279,Renewed
10330,682,274462,25,1,1,0,0,1,32644,4,176,24,10,0.0385,Renewed
10565,803,244046,2,0,0,0,0,1,319,2,49,60,24,0.0385,Renewed
10445,744,202960,88,1,0,1,0,1,117919,7,298,60,7,0.0279,Renewed
10513,817,360428,49,1,0,0,0,1,7674,4,408,60,5,0.0385,Renewed
10582,557,310953,1,0,0,0,0,1,343,2,36,60,25,0.0269,Renewed
10280,827,901025,111,1,0,1,2148.674206,1,212356,8,61,48,10.5,0.0309,Renewed
10707,817,360430,49,1,0,0,0,1,7675,4,408,60,5,0.0385,Renewed
10145,744,202966,88,1,0,1,0,1,117921,7,298,60,7,0.0279,Renewed
10473,570,610464,97,0,1,1,508,1,4387,6,79,60,16,0.0279,Renewed
10227,682,274471,25,1,1,0,0,1,32646,4,176,24,10,0.0385,Renewed
10289,827,901030,111,1,0,1,2148.674206,1,212357,8,61,48,10.5,0.0309,Renewed
10506,807,210808,3,0,0,1,0,1,20062,2,61,60,25,0.0269,Renewed
10339,744,202971,88,1,0,1,0,1,117922,7,298,60,7,0.0279,Renewed
10301,356,301430,1,0,0,0,0,1,51864,3,61,24,12,0.0304,Renewed
10150,766,648642,6,1,0,1,0,1,409131,5,123,60,15,0.0279,Renewed
10022,809,51512.9,46,1,1,0,0,1,207641.47,6,416,60,17,0.0279,Run-off
10200,356,301434,1,0,0,0,0,1,51865,3,61,24,12,0.0304,Renewed
10639,744,202975,88,1,0,1,0,1,117924,7,298,60,7,0.0279,Renewed
10607,807,210814,3,0,0,1,0,1,20064,2,61,60,25,0.0269,Renewed
10591,446,1509775,4,0,0,0,0,1,96904,2,36,60,25,0.0259,Renewed
10270,767,402157,1,0,0,0,0,1,260,1,41,60,16,0.0385,Renewed
10671,827,901040,111,1,0,1,2148.674206,1,212360,8,61,48,10.5,0.0309,Renewed
10615,682,274482,25,1,1,0,0,1,32650,4,176,24,10,0.0385,Renewed
10139,682,274483,25,1,1,0,0,1,32650,4,176,24,10,0.0385,Renewed
10602,762,576144,5,0,0,1,0,1,55621,2,56,60,25,0.0259,Renewed
10624,682,274484,25,1,1,0,0,1,32650,4,176,24,10,0.0385,Renewed
9991,460,930511.4,1,0,0,0,0,1,12910.99,2,35,48,23.5,0.0314,Run-off
10349,811,51737,46,1,1,0,0,1,207709,6,417,60,17,0.0279,Renewed
10055,555,310750.69,1,0,0,0,0,1,282.03,2,35,60,25,0.0269,Run-off
10683,557,310977,1,0,0,0,0,1,350,2,36,60,25,0.0269,Renewed
10611,717,1247744,44,1,0,1,1778.468099,1,15475,7,273,60,16,0.0385,Renewed
10632,766,648658,6,1,0,1,0,1,409136,5,123,60,15,0.0279,Renewed
10224,682,274490,25,1,1,0,0,1,32652,4,176,24,10,0.0385,Renewed
10209,807,210828,3,0,0,1,0,1,20068,2,61,60,25,0.0269,Renewed
10478,771,1202216,135,1,1,1,0,1,10199,5,101,60,5,0.0345,Renewed
9993,444,1509560.39,4,0,0,0,0,1,96839.51,2,35,60,25,0.0259,Run-off
10428,817,360457,49,1,0,0,0,1,7683,4,408,60,5,0.0385,Renewed
10420,717,1247750,44,1,0,1,1778.468099,1,15477,7,273,60,16,0.0385,Renewed
10504,807,210833,3,0,0,1,0,1,20070,2,61,60,25,0.0269,Renewed
10670,570,610493,97,0,1,1,508,1,4396,6,79,60,16,0.0279,Renewed
10589,462,930747,1,0,0,0,0,1,12982,2,36,48,23.5,0.0314,Renewed
10015,354,301220.19,1,0,0,0,0,1,51801.17,3,60,24,12,0.0304,Run-off
10083,680,274263.55,25,1,1,0,0,1,32584.34,4,175,24,10,0.0385,Run-off
10256,766,648672,6,1,0,1,0,1,409140,5,123,60,15,0.0279,Renewed
10073,568,610258.05,97,0,1,1,508,1,4325.65,6,78,60,16,0.0279,Run-off
10075,460,930511.4,1,0,0,0,0,1,12910.99,2,35,48,23.5,0.0314,Run-off
10541,766,648675,6,1,0,1,0,1,409141,5,123,60,15,0.0279,Renewed
10675,771,1202233,135,1,1,1,0,1,10204,5,101,60,5,0.0345,Renewed
10650,766,648677,6,1,0,1,0,1,409141,5,123,60,15,0.0279,Renewed
10079,760,575923.87,5,0,0,1,0,1,55555,2,55,60,25,0.0259,Run-off
10576,570,610506,97,0,1,1,508,1,4400,6,79,60,16,0.0279,Renewed
10346,811,51761,46,1,1,0,0,1,207716,6,417,60,17,0.0279,Renewed
10441,766,648681,6,1,0,1,0,1,409142,5,123,60,15,0.0279,Renewed
10082,715,1247516.94,44,1,0,1,1778.468099,1,15406.83,7,272,60,16,0.0385,Run-off
10069,765,401940.02,1,0,0,0,0,1,194.8366667,1,40,60,16,0.0385,Run-off
10039,815,360226.24,49,1,0,0,0,1,7613.42,4,407,60,5,0.0385,Run-off
10484,463,930765,1,0,0,0,0,1,12987,2,36,48,23.5,0.0314,Renewed
10627,683,274519,25,1,1,0,0,1,32661,4,176,24,10,0.0385,Renewed
10173,768,402196,1,0,0,0,0,1,272,1,41,60,16,0.0385,Renewed
10310,808,210857,3,0,0,1,0,1,20077,2,61,60,25,0.0269,Renewed
10076,555,310750.69,1,0,0,0,0,1,282.03,2,35,60,25,0.0269,Run-off
10221,808,210859,3,0,0,1,0,1,20078,2,61,60,25,0.0269,Renewed
10374,764,118673,2,0,0,0,0,1,402,1,39,48,10,0.0385,Renewed
10162,767,648694,6,1,0,1,0,1,409146,5,123,60,15,0.0279,Renewed
10205,463,930775,1,0,0,0,0,1,12990,2,36,48,23.5,0.0314,Renewed
10394,357,301487,1,0,0,0,0,1,51881,3,61,24,12,0.0304,Renewed
10113,763,576191,5,0,0,1,0,1,55635,2,56,60,25,0.0259,Renewed
10717,718,1247784,44,1,0,1,1778.468099,1,15487,7,273,60,16,0.0385,Renewed
10081,815,360226.24,49,1,0,0,0,1,7613.42,4,407,60,5,0.0385,Run-off
10766,772,1202258,135,1,1,1,0,1,10211,5,101,60,5,0.0345,Renewed
10751,827,1001160,2,0,0,0,0,1,97,2,101,60,12,0.0279,Renewed
10249,812,51784,46,1,1,0,0,1,207723,6,417,60,17,0.0279,Renewed
10446,812,51785,46,1,1,0,0,1,207723,6,417,60,17,0.0279,Renewed
10694,808,210874,3,0,0,1,0,1,20082,2,61,60,25,0.0269,Renewed
10631,812,51789,46,1,1,0,0,1,207724,6,417,60,17,0.0279,Renewed
10697,763,576201,5,0,0,1,0,1,55638,2,56,60,25,0.0259,Renewed
10328,818,360505,49,1,0,0,0,1,7697,4,408,60,5,0.0385,Renewed
10182,571,610538,97,0,1,1,508,1,4410,6,79,60,16,0.0279,Renewed
10028,801,243846.84,2,0,0,0,0,1,259.4366667,2,48.16666667,60,24,0.0385,Run-off
10340,812,51794,46,1,1,0,0,1,207726,6,417,60,17,0.0279,Renewed
10225,818,360511,49,1,0,0,0,1,7699,4,408,60,5,0.0385,Renewed
10499,763,576209,5,0,0,1,0,1,55640,2,56,60,25,0.0259,Renewed
10755,768,402226,1,0,0,0,0,1,281,1,41,60,16,0.0385,Renewed
10370,768,402228,1,0,0,0,0,1,281,1,41,60,16,0.0385,Renewed
10532,718,1247806,44,1,0,1,1778.468099,1,15494,7,273,60,16,0.0385,Renewed
10264,704,811267,2,0,0,0,0,1,123,1,61,12,4,0.0279,Renewed
10756,804,244137,2,0,0,0,0,1,346,2,50,60,24,0.0385,Renewed
10641,767,648722,6,1,0,1,0,1,409155,5,123,60,15,0.0279,Renewed
10068,794,290758.15,2,0,0,0,0,1,145.07,2,79,24,4,0.0279,Run-off
10350,767,648726,6,1,0,1,0,1,409156,5,123,60,15,0.0279,Renewed
10705,763,576219,5,0,0,1,0,1,55643,2,56,60,25,0.0259,Renewed
10044,764,648431.64,6,1,0,1,0,1,409067.67,5,122,60,15,0.0279,Run-off
10556,797,291055,2,0,0,0,0,1,234,2,80,24,4,0.0279,Renewed
10517,718,1247815,44,1,0,1,1778.468099,1,15496,7,273,60,16,0.0385,Renewed
10562,804,244149,2,0,0,0,0,1,350,2,50,60,24,0.0385,Renewed
10062,680,274263.55,25,1,1,0,0,1,32584.34,4,175,24,10,0.0385,Run-off
10585,463,930815,1,0,0,0,0,1,13002,2,37,48,23.5,0.0314,Renewed
10590,558,311055,1,0,0,0,0,1,373,2,37,60,25,0.0269,Renewed
10725,818,360531,49,1,0,0,0,1,7705,4,409,60,5,0.0385,Renewed
10773,571,610564,97,0,1,1,508,1,4418,6,80,60,16,0.0279,Renewed
10405,808,210907,3,0,0,1,0,1,20092,2,62,60,25,0.0269,Renewed
10368,804,244154,2,0,0,0,0,1,352,2,50,60,24,0.0385,Renewed
10359,767,648741,6,1,0,1,0,1,409160,5,124,60,15,0.0279,Renewed
10501,763,576233,5,0,0,1,0,1,55648,2,57,60,25,0.0259,Renewed
10649,812,51823,46,1,1,0,0,1,207734,6,418,60,17,0.0279,Renewed
10400,763,576234,5,0,0,1,0,1,55648,2,57,60,25,0.0259,Renewed
10061,715,1247516.94,44,1,0,1,1778.468099,1,15406.83,7,272,60,16,0.0385,Run-off
10593,463,930825,1,0,0,0,0,1,13005,2,37,48,23.5,0.0314,Renewed
10503,763,576238,5,0,0,1,0,1,55649,2,57,60,25,0.0259,Renewed
10300,447,1509875,4,0,0,0,0,1,96934,2,37,60,25,0.0259,Renewed
10063,742,202761.09,88,1,0,1,0,1,117859.48,7,297,60,7,0.0279,Run-off
10250,767,648749,6,1,0,1,0,1,409163,5,124,60,15,0.0279,Renewed
10453,767,648749,6,1,0,1,0,1,409163,5,124,60,15,0.0279,Renewed
10551,745,203080,88,1,0,1,0,1,117955,7,299,60,7,0.0279,Renewed
10646,812,51832,46,1,1,0,0,1,207737,6,418,60,17,0.0279,Renewed
10204,357,301541,1,0,0,0,0,1,51898,3,62,24,12,0.0304,Renewed
10637,812,51835,46,1,1,0,0,1,207738,6,418,60,17,0.0279,Renewed
10383,828,901146,111,1,0,1,2148.674206,1,212392,8,62,48,10.5,0.0309,Renewed
10693,763,576247,5,0,0,1,0,1,55652,2,57,60,25,0.0259,Renewed
10544,767,648756,6,1,0,1,0,1,409165,5,124,60,15,0.0279,Renewed
10460,827,1001215,2,0,0,0,0,1,114,2,102,60,12,0.0279,Renewed
10036,354,301220.19,1,0,0,0,0,1,51801.17,3,60,24,12,0.0304,Run-off
10769,772,1202314,135,1,1,1,0,1,10228,5,102,60,5,0.0345,Renewed
10754,827,1001216,2,0,0,0,0,1,114,2,102,60,12,0.0279,Renewed
10687,558,311078,1,0,0,0,0,1,380,2,37,60,25,0.0269,Renewed
10133,683,274593,25,1,1,0,0,1,32683,4,177,24,10,0.0385,Renewed
10156,767,648762,6,1,0,1,0,1,409167,5,124,60,15,0.0279,Renewed
10488,463,930848,1,0,0,0,0,1,13012,2,37,48,23.5,0.0314,Renewed
10688,447,1509897,4,0,0,0,0,1,96941,2,37,60,25,0.0259,Renewed
10764,571,610595,97,0,1,1,508,1,4427,6,80,60,16,0.0279,Renewed
10331,818,360564,49,1,0,0,0,1,7715,4,409,60,5,0.0385,Renewed
10380,828,901160,111,1,0,1,2148.674206,1,212396,8,62,48,10.5,0.0309,Renewed
10138,718,1247855,44,1,0,1,1778.468099,1,15508,7,274,60,16,0.0385,Renewed
10681,357,301561,1,0,0,0,0,1,51903,3,62,24,12,0.0304,Renewed
10760,764,118758,2,0,0,0,0,1,427,1,39,48,10,0.0385,Renewed
10567,804,244193,2,0,0,0,0,1,363,2,50,60,24,0.0385,Renewed
10115,763,576270,5,0,0,1,0,1,55659,2,57,60,25,0.0259,Renewed
10127,683,274611,25,1,1,0,0,1,32689,4,177,24,10,0.0385,Renewed
10288,571,610606,97,0,1,1,508,1,4430,6,80,60,16,0.0279,Renewed
10306,808,210949,3,0,0,1,0,1,20105,2,62,60,25,0.0269,Renewed
10601,809,210950,3,0,0,1,0,1,20105,2,62,60,25,0.0269,Renewed
10261,813,51866,46,1,1,0,0,1,207747,6,418,60,17,0.0279,Renewed
10507,764,576277,5,0,0,1,0,1,55661,2,57,60,25,0.0259,Renewed
10586,559,311104,1,0,0,0,0,1,388,2,37,60,25,0.0269,Renewed
10000,742,202761.09,88,1,0,1,0,1,117859.48,7,297,60,7,0.0279,Run-off
10343,813,51867,46,1,1,0,0,1,207748,6,418,60,17,0.0279,Renewed
10252,813,51867,46,1,1,0,0,1,207748,6,418,60,17,0.0279,Renewed
10033,460,930511.4,1,0,0,0,0,1,12910.99,2,35,48,23.5,0.0314,Run-off
10008,761,118413.5,2,0,0,0,0,1,324.0366667,1,37.66666667,48,10,0.0385,Run-off
10030,769,1201987.73,135,1,1,1,0,1,10130.21,5,100,60,5,0.0345,Run-off
10774,829,901182,111,1,0,1,2148.674206,1,212403,8,62,48,10.5,0.0309,Renewed
10017,805,210600.05,3,0,0,1,0,1,20000,2,60,60,25,0.0269,Run-off
10185,572,610619,97,0,1,1,508,1,4434,6,80,60,16,0.0279,Renewed
10514,719,1247881,44,1,0,1,1778.468099,1,15516,7,274,60,16,0.0385,Renewed
10515,684,274628,25,1,1,0,0,1,32694,4,177,24,10,0.0385,Renewed
10471,765,118778,2,0,0,0,0,1,433,1,39,48,10,0.0385,Renewed
10211,809,210969,3,0,0,1,0,1,20111,2,62,60,25,0.0269,Renewed
10647,768,648802,6,1,0,1,0,1,409179,5,124,60,15,0.0279,Renewed
10450,768,648806,6,1,0,1,0,1,409180,5,124,60,15,0.0279,Renewed
10495,358,301597,1,0,0,0,0,1,51914,3,62,24,12,0.0304,Renewed
10354,746,203140,88,1,0,1,0,1,117973,7,299,60,7,0.0279,Renewed
10176,769,402319,1,0,0,0,0,1,309,1,42,60,16,0.0385,Renewed
10472,773,1202368,135,1,1,1,0,1,10244,5,102,60,5,0.0345,Renewed
10679,559,311131,1,0,0,0,0,1,396,2,37,60,25,0.0269,Renewed
10223,719,1247898,44,1,0,1,1778.468099,1,15521,7,274,60,16,0.0385,Renewed
10314,809,210982,3,0,0,1,0,1,20115,2,62,60,25,0.0269,Renewed
9996,805,210600.05,3,0,0,1,0,1,20000,2,60,60,25,0.0269,Run-off
10290,464,930899,1,0,0,0,0,1,13027,2,37,48,23.5,0.0314,Renewed
10539,746,203149,88,1,0,1,0,1,117976,7,299,60,7,0.0279,Renewed
10240,819,360620,49,1,0,0,0,1,7731,4,409,60,5,0.0385,Renewed
10538,768,648828,6,1,0,1,0,1,409187,5,124,60,15,0.0279,Renewed
10592,358,301617,1,0,0,0,0,1,51920,3,62,24,12,0.0304,Renewed
10144,719,1247914,44,1,0,1,1778.468099,1,15526,7,274,60,16,0.0385,Renewed
10104,464,930912,1,0,0,0,0,1,13031,2,37,48,23.5,0.0314,Renewed
10466,765,118818,2,0,0,0,0,1,445,1,40,48,10,0.0385,Renewed
10026,794,290758.15,2,0,0,0,0,1,145.07,2,79,24,4,0.0279,Run-off
10126,719,1247925,44,1,0,1,1778.468099,1,15529,7,274,60,16,0.0385,Renewed
10137,819,360634,49,1,0,0,0,1,7736,4,409,60,5,0.0385,Renewed
10416,819,360635,49,1,0,0,0,1,7736,4,409,60,5,0.0385,Renewed
10230,684,274675,25,1,1,0,0,1,32708,4,177,24,10,0.0385,Renewed
10222,819,360640,49,1,0,0,0,1,7738,4,409,60,5,0.0385,Renewed
10561,769,402355,1,0,0,0,0,1,319,1,42,60,16,0.0385,Renewed
10714,719,1247932,44,1,0,1,1778.468099,1,15531,7,274,60,16,0.0385,Renewed
10220,764,576340,5,0,0,1,0,1,55680,2,57,60,25,0.0259,Renewed
10549,813,51931,46,1,1,0,0,1,207767,6,418,60,17,0.0279,Renewed
10042,742,202761.09,88,1,0,1,0,1,117859.48,7,297,60,7,0.0279,Run-off
10424,684,274683,25,1,1,0,0,1,32710,4,177,24,10,0.0385,Renewed
10313,764,576344,5,0,0,1,0,1,55681,2,57,60,25,0.0259,Renewed
10653,798,291179,2,0,0,0,0,1,271,2,81,24,4,0.0279,Renewed
10442,746,203185,88,1,0,1,0,1,117987,7,299,60,7,0.0279,Renewed
10437,813,51937,46,1,1,0,0,1,207769,6,418,60,17,0.0279,Renewed
10663,765,118838,2,0,0,0,0,1,451,1,40,48,10,0.0385,Renewed
10047,794,290758.15,2,0,0,0,0,1,145.07,2,79,24,4,0.0279,Run-off
10040,715,1247516.94,44,1,0,1,1778.468099,1,15406.83,7,272,60,16,0.0385,Run-off
10140,819,360655,49,1,0,0,0,1,7742,4,409,60,5,0.0385,Renewed
10095,825,900822.64,111,1,0,1,2148.674206,1,212294.86,8,60,48,10.5,0.0309,Run-off
10025,701,810977.39,2,0,0,0,0,1,35.97,1,60,12,4,0.0279,Run-off
10386,829,901257,111,1,0,1,2148.674206,1,212425,8,62,48,10.5,0.0309,Renewed
10452,813,51949,46,1,1,0,0,1,207772,6,418,60,17,0.0279,Renewed
10443,813,51950,46,1,1,0,0,1,207773,6,418,60,17,0.0279,Renewed
10132,719,1247954,44,1,0,1,1778.468099,1,15538,7,274,60,16,0.0385,Renewed
10233,684,274703,25,1,1,0,0,1,32716,4,177,24,10,0.0385,Renewed
10158,813,51954,46,1,1,0,0,1,207774,6,418,60,17,0.0279,Renewed
10695,764,576366,5,0,0,1,0,1,55688,2,57,60,25,0.0259,Renewed
10633,746,203205,88,1,0,1,0,1,117993,7,299,60,7,0.0279,Renewed
10522,819,360671,49,1,0,0,0,1,7747,4,409,60,5,0.0385,Renewed
10619,819,360671,49,1,0,0,0,1,7747,4,409,60,5,0.0385,Renewed
10271,805,244292,2,0,0,0,0,1,393,2,50,60,24,0.0385,Renewed
10184,773,1202434,135,1,1,1,0,1,10264,5,102,60,5,0.0345,Renewed
10511,764,576370,5,0,0,1,0,1,55689,2,57,60,25,0.0259,Renewed
9995,760,575923.87,5,0,0,1,0,1,55555,2,55,60,25,0.0259,Run-off
10315,765,576374,5,0,0,1,0,1,55690,2,57,60,25,0.0259,Renewed
10584,359,301672,1,0,0,0,0,1,51937,3,62,24,12,0.0304,Renewed
10391,465,930963,1,0,0,0,0,1,13047,2,37,48,23.5,0.0314,Renewed
10457,829,1001341,2,0,0,0,0,1,152,2,102,60,12,0.0279,Renewed
10214,765,576376,5,0,0,1,0,1,55691,2,57,60,25,0.0259,Renewed
10701,765,576379,5,0,0,1,0,1,55692,2,57,60,25,0.0259,Renewed
10456,769,648890,6,1,0,1,0,1,409205,5,124,60,15,0.0279,Renewed
10759,806,244306,2,0,0,0,0,1,397,2,50,60,24,0.0385,Renewed
10323,720,1247979,44,1,0,1,1778.468099,1,15545,7,274,60,16,0.0385,Renewed
10027,765,401940.02,1,0,0,0,0,1,194.8366667,1,40,60,16,0.0385,Run-off
10712,685,274727,25,1,1,0,0,1,32723,4,177,24,10,0.0385,Renewed
10439,747,203227,88,1,0,1,0,1,117999,7,299,60,7,0.0279,Renewed
10246,814,51980,46,1,1,0,0,1,207782,6,418,60,17,0.0279,Renewed
10057,354,301220.19,1,0,0,0,0,1,51801.17,3,60,24,12,0.0304,Run-off
10267,706,811445,2,0,0,0,0,1,176,1,62,12,4,0.0279,Renewed
10080,805,210600.05,3,0,0,1,0,1,20000,2,60,60,25,0.0269,Run-off
10034,555,310750.69,1,0,0,0,0,1,282.03,2,35,60,25,0.0269,Run-off
10010,568,610258.05,97,0,1,1,508,1,4325.65,6,78,60,16,0.0279,Run-off
10148,747,203231,88,1,0,1,0,1,118000,7,299,60,7,0.0279,Renewed
10730,747,203231,88,1,0,1,0,1,118000,7,299,60,7,0.0279,Renewed
10635,769,648902,6,1,0,1,0,1,409209,5,124,60,15,0.0279,Renewed
10396,560,311221,1,0,0,0,0,1,423,2,37,60,25,0.0269,Renewed
10414,765,576396,5,0,0,1,0,1,55697,2,57,60,25,0.0259,Renewed
10307,765,576396,5,0,0,1,0,1,55697,2,57,60,25,0.0259,Renewed
10535,769,648908,6,1,0,1,0,1,409211,5,124,60,15,0.0279,Renewed
10251,747,203238,88,1,0,1,0,1,118003,7,299,60,7,0.0279,Renewed
10228,820,360704,49,1,0,0,0,1,7757,4,409,60,5,0.0385,Renewed
10528,820,360706,49,1,0,0,0,1,7757,4,409,60,5,0.0385,Renewed
10388,560,311231,1,0,0,0,0,1,426,2,37,60,25,0.0269,Renewed
10698,810,211081,3,0,0,1,0,1,20144,2,62,60,25,0.0269,Renewed
10103,359,301702,1,0,0,0,0,1,51946,3,62,24,12,0.0304,Renewed
10188,573,610743,97,0,1,1,508,1,4471,6,80,60,16,0.0279,Renewed
10078,354,301220.19,1,0,0,0,0,1,51801.17,3,60,24,12,0.0304,Run-off
10090,765,401940.02,1,0,0,0,0,1,194.8366667,1,40,60,16,0.0385,Run-off
10190,774,1202477,135,1,1,1,0,1,10277,5,102,60,5,0.0345,Renewed
10087,824,1000889,2,0,0,0,0,1,15.87,2,100,60,12,0.0279,Run-off
10159,769,648922,6,1,0,1,0,1,409215,5,124,60,15,0.0279,Renewed
10088,701,810977.39,2,0,0,0,0,1,35.97,1,60,12,4,0.0279,Run-off
10048,765,401940.02,1,0,0,0,0,1,194.8366667,1,40,60,16,0.0385,Run-off
10226,720,1248010,44,1,0,1,1778.468099,1,15555,7,274,60,16,0.0385,Renewed
10747,769,648925,6,1,0,1,0,1,409216,5,124,60,15,0.0279,Renewed
10626,720,1248012,44,1,0,1,1778.468099,1,15555,7,274,60,16,0.0385,Renewed
10254,747,203259,88,1,0,1,0,1,118009,7,299,60,7,0.0279,Renewed
10308,810,211099,3,0,0,1,0,1,20150,2,62,60,25,0.0269,Renewed
10136,685,274764,25,1,1,0,0,1,32734,4,178,24,10,0.0385,Renewed
10613,820,360727,49,1,0,0,0,1,7764,4,410,60,5,0.0385,Renewed
10673,573,610759,97,0,1,1,508,1,4476,6,81,60,16,0.0279,Renewed
10677,830,901324,111,1,0,1,2148.674206,1,212445,8,63,48,10.5,0.0309,Renewed
10423,720,1248019,44,1,0,1,1778.468099,1,15557,7,275,60,16,0.0385,Renewed
10050,761,118413.5,2,0,0,0,0,1,324.0366667,1,37.66666667,48,10,0.0385,Run-off
10554,829,1001392,2,0,0,0,0,1,167,2,103,60,12,0.0279,Renewed
10630,747,203264,88,1,0,1,0,1,118010,7,300,60,7,0.0279,Renewed
10071,761,118413.5,2,0,0,0,0,1,324.0366667,1,37.66666667,48,10,0.0385,Run-off
10768,830,901328,111,1,0,1,2148.674206,1,212446,8,63,48,10.5,0.0309,Renewed
10608,765,576430,5,0,0,1,0,1,55707,2,58,60,25,0.0259,Renewed
10629,720,1248025,44,1,0,1,1778.468099,1,15559,7,275,60,16,0.0385,Renewed
10111,765,576433,5,0,0,1,0,1,55708,2,58,60,25,0.0259,Renewed
10577,830,901333,111,1,0,1,2148.674206,1,212448,8,63,48,10.5,0.0309,Renewed
10570,573,610770,97,0,1,1,508,1,4479,6,81,60,16,0.0279,Renewed
10708,720,1248029,44,1,0,1,1778.468099,1,15560,7,275,60,16,0.0385,Renewed
10431,820,360740,49,1,0,0,0,1,7768,4,410,60,5,0.0385,Renewed
10160,747,203276,88,1,0,1,0,1,118014,7,300,60,7,0.0279,Renewed
10248,747,203279,88,1,0,1,0,1,118015,7,300,60,7,0.0279,Renewed
10012,460,930511.4,1,0,0,0,0,1,12910.99,2,35,48,23.5,0.0314,Run-off
10381,774,1202510,135,1,1,1,0,1,10287,5,103,60,5,0.0345,Renewed
10710,820,360749,49,1,0,0,0,1,7770,4,410,60,5,0.0385,Renewed
10557,829,1001413,2,0,0,0,0,1,173,2,103,60,12,0.0279,Renewed
10005,794,290758.15,2,0,0,0,0,1,145.07,2,79,24,4,0.0279,Run-off
10573,573,610783,97,0,1,1,508,1,4483,6,81,60,16,0.0279,Renewed
10706,810,211126,3,0,0,1,0,1,20158,2,63,60,25,0.0269,Renewed
10179,806,244373,2,0,0,0,0,1,417,2,51,60,24,0.0385,Renewed
10134,820,360753,49,1,0,0,0,1,7772,4,410,60,5,0.0385,Renewed
10409,810,211128,3,0,0,1,0,1,20158,2,63,60,25,0.0269,Renewed
10682,465,931041,1,0,0,0,0,1,13070,2,38,48,23.5,0.0314,Renewed
10164,814,52043,46,1,1,0,0,1,207801,6,419,60,17,0.0279,Renewed
10041,680,274263.55,25,1,1,0,0,1,32584.34,4,175,24,10,0.0385,Run-off
10526,720,1248050,44,1,0,1,1778.468099,1,15567,7,275,60,16,0.0385,Renewed
10434,820,360763,49,1,0,0,0,1,7775,4,410,60,5,0.0385,Renewed
10752,706,811515,2,0,0,0,0,1,197,1,63,12,4,0.0279,Renewed
10355,814,52054,46,1,1,0,0,1,207804,6,419,60,17,0.0279,Renewed
10728,814,52056,46,1,1,0,0,1,207804,6,419,60,17,0.0279,Renewed
10276,806,244392,2,0,0,0,0,1,423,2,51,60,24,0.0385,Renewed
10600,765,576470,5,0,0,1,0,1,55719,2,58,60,25,0.0259,Renewed
10124,810,211147,3,0,0,1,0,1,20164,2,63,60,25,0.0269,Renewed
10563,766,118960,2,0,0,0,0,1,488,1,40,48,10,0.0385,Renewed
10152,815,52065,46,1,1,0,0,1,207807,6,419,60,17,0.0279,Renewed
10231,821,360778,49,1,0,0,0,1,7779,4,410,60,5,0.0385,Renewed
10594,766,576476,5,0,0,1,0,1,55721,2,58,60,25,0.0259,Renewed
10464,771,402494,1,0,0,0,0,1,361,1,43,60,16,0.0385,Renewed
10482,574,610813,97,0,1,1,508,1,4492,6,81,60,16,0.0279,Renewed
10093,769,1201987.73,135,1,1,1,0,1,10130.21,5,100,60,5,0.0345,Run-off
10106,450,1510116,4,0,0,0,0,1,97006,2,38,60,25,0.0259,Renewed
10692,811,211155,3,0,0,1,0,1,20167,2,63,60,25,0.0269,Renewed
10320,721,1248072,44,1,0,1,1778.468099,1,15573,7,275,60,16,0.0385,Renewed
10262,770,648989,6,1,0,1,0,1,409235,5,125,60,15,0.0279,Renewed
10750,800,291315,2,0,0,0,0,1,312,2,82,24,4,0.0279,Renewed
10235,721,1248074,44,1,0,1,1778.468099,1,15574,7,275,60,16,0.0385,Renewed
10739,748,203326,88,1,0,1,0,1,118029,7,300,60,7,0.0279,Renewed
10732,770,648996,6,1,0,1,0,1,409237,5,125,60,15,0.0279,Renewed
10351,748,203327,88,1,0,1,0,1,118029,7,300,60,7,0.0279,Renewed
10660,767,118979,2,0,0,0,0,1,494,1,40,48,10,0.0385,Renewed
10604,766,576492,5,0,0,1,0,1,55725,2,58,60,25,0.0259,Renewed
10024,824,1000889,2,0,0,0,0,1,15.87,2,100,60,12,0.0279,Run-off
10746,815,52084,46,1,1,0,0,1,207813,6,419,60,17,0.0279,Renewed
10389,450,1510132,4,0,0,0,0,1,97011,2,38,60,25,0.0259,Renewed
10070,801,243846.84,2,0,0,0,0,1,259.4366667,2,48.16666667,60,24,0.0385,Run-off
10665,767,118987,2,0,0,0,0,1,496,1,41,48,10,0.0385,Renewed
10121,766,576498,5,0,0,1,0,1,55727,2,58,60,25,0.0259,Renewed
10329,721,1248092,44,1,0,1,1778.468099,1,15579,7,275,60,16,0.0385,Renewed
10051,769,1201987.73,135,1,1,1,0,1,10130.21,5,100,60,5,0.0345,Run-off
9999,680,274263.55,25,1,1,0,0,1,32584.34,4,175,24,10,0.0385,Run-off
10617,721,1248097,44,1,0,1,1778.468099,1,15581,7,275,60,16,0.0385,Renewed
10614,721,1248098,44,1,0,1,1778.468099,1,15581,7,275,60,16,0.0385,Renewed
10623,721,1248099,44,1,0,1,1778.468099,1,15582,7,275,60,16,0.0385,Renewed
10463,830,1001472,2,0,0,0,0,1,191,2,103,60,12,0.0279,Renewed
10255,815,52102,46,1,1,0,0,1,207818,6,419,60,17,0.0279,Renewed
10481,775,1202577,135,1,1,1,0,1,10307,5,103,60,5,0.0345,Renewed
10674,831,901412,111,1,0,1,2148.674206,1,212472,8,63,48,10.5,0.0309,Renewed
10436,748,203353,88,1,0,1,0,1,118037,7,300,60,7,0.0279,Renewed
10417,721,1248111,44,1,0,1,1778.468099,1,15585,7,275,60,16,0.0385,Renewed
10548,748,203355,88,1,0,1,0,1,118038,7,300,60,7,0.0279,Renewed
10666,775,1202582,135,1,1,1,0,1,10309,5,103,60,5,0.0345,Renewed
10348,748,203356,88,1,0,1,0,1,118038,7,300,60,7,0.0279,Renewed
10130,686,274859,25,1,1,0,0,1,32763,4,178,24,10,0.0385,Renewed
10097,561,311349,1,0,0,0,0,1,461,2,38,60,25,0.0269,Renewed
10327,686,274863,25,1,1,0,0,1,32764,4,178,24,10,0.0385,Renewed
10021,742,202761.09,88,1,0,1,0,1,117859.48,7,297,60,7,0.0279,Run-off
10215,811,211201,3,0,0,1,0,1,20180,2,63,60,25,0.0269,Renewed
10523,721,1248118,44,1,0,1,1778.468099,1,15587,7,275,60,16,0.0385,Renewed
10610,821,360828,49,1,0,0,0,1,7794,4,410,60,5,0.0385,Renewed
10636,748,203365,88,1,0,1,0,1,118041,7,300,60,7,0.0279,Renewed
10648,748,203366,88,1,0,1,0,1,118041,7,300,60,7,0.0279,Renewed
10654,830,1001494,2,0,0,0,0,1,197,2,103,60,12,0.0279,Renewed
10433,686,274870,25,1,1,0,0,1,32766,4,178,24,10,0.0385,Renewed
10572,775,1202594,135,1,1,1,0,1,10312,5,103,60,5,0.0345,Renewed
10703,766,576532,5,0,0,1,0,1,55737,2,58,60,25,0.0259,Renewed
10366,830,1001497,2,0,0,0,0,1,198,2,103,60,12,0.0279,Renewed
10686,466,931121,1,0,0,0,0,1,13094,2,38,48,23.5,0.0314,Renewed
10558,707,811587,2,0,0,0,0,1,219,1,63,12,4,0.0279,Renewed
10621,686,274874,25,1,1,0,0,1,32768,4,178,24,10,0.0385,Renewed
10345,748,203372,88,1,0,1,0,1,118043,7,300,60,7,0.0279,Renewed
10634,815,52127,46,1,1,0,0,1,207826,6,419,60,17,0.0279,Renewed
10477,831,901438,111,1,0,1,2148.674206,1,212479,8,63,48,10.5,0.0309,Renewed
10735,770,649048,6,1,0,1,0,1,409253,5,125,60,15,0.0279,Renewed
10324,686,274882,25,1,1,0,0,1,32770,4,178,24,10,0.0385,Renewed
10402,766,576544,5,0,0,1,0,1,55741,2,58,60,25,0.0259,Renewed
10153,770,649052,6,1,0,1,0,1,409254,5,125,60,15,0.0279,Renewed
10676,574,610879,97,0,1,1,508,1,4512,6,81,60,16,0.0279,Renewed
10689,360,301842,1,0,0,0,0,1,51988,3,63,24,12,0.0304,Renewed
10265,800,291383,2,0,0,0,0,1,333,2,82,24,4,0.0279,Renewed
10212,766,576551,5,0,0,1,0,1,55743,2,58,60,25,0.0259,Renewed
10412,766,576552,5,0,0,1,0,1,55744,2,58,60,25,0.0259,Renewed
10174,807,244477,2,0,0,0,0,1,448,2,51,60,24,0.0385,Renewed
10170,707,811609,2,0,0,0,0,1,226,1,63,12,4,0.0279,Renewed
10398,360,301854,1,0,0,0,0,1,51991,3,63,24,12,0.0304,Renewed
10533,748,203394,88,1,0,1,0,1,118049,7,300,60,7,0.0279,Renewed
10166,830,1001523,2,0,0,0,0,1,206,2,103,60,12,0.0279,Renewed
10379,574,610892,97,0,1,1,508,1,4516,6,81,60,16,0.0279,Renewed
10721,686,274898,25,1,1,0,0,1,32775,4,178,24,10,0.0385,Renewed
10019,715,1247516.94,44,1,0,1,1778.468099,1,15406.83,7,272,60,16,0.0385,Run-off
10762,767,119054,2,0,0,0,0,1,516,1,41,48,10,0.0385,Renewed
10163,748,203404,88,1,0,1,0,1,118052,7,300,60,7,0.0279,Renewed
9992,555,310750.69,1,0,0,0,0,1,282.03,2,35,60,25,0.0269,Run-off
10311,766,576570,5,0,0,1,0,1,55749,2,58,60,25,0.0259,Renewed
10734,815,52160,46,1,1,0,0,1,207836,6,419,60,17,0.0279,Renewed
10119,766,576571,5,0,0,1,0,1,55749,2,58,60,25,0.0259,Renewed
10118,811,211248,3,0,0,1,0,1,20194,2,63,60,25,0.0269,Renewed
10741,770,649080,6,1,0,1,0,1,409262,5,125,60,15,0.0279,Renewed
10172,831,1001541,2,0,0,0,0,1,212,2,103,60,12,0.0279,Renewed
10282,575,610911,97,0,1,1,508,1,4522,6,81,60,16,0.0279,Renewed
10112,812,211253,3,0,0,1,0,1,20196,2,63,60,25,0.0269,Renewed
10245,749,203416,88,1,0,1,0,1,118056,7,300,60,7,0.0279,Renewed
10322,822,360881,49,1,0,0,0,1,7810,4,410,60,5,0.0385,Renewed
10550,771,649088,6,1,0,1,0,1,409264,5,125,60,15,0.0279,Renewed
10440,816,52169,46,1,1,0,0,1,207838,6,419,60,17,0.0279,Renewed
10142,687,274921,25,1,1,0,0,1,32782,4,178,24,10,0.0385,Renewed
10335,722,1248175,44,1,0,1,1778.468099,1,15604,7,275,60,16,0.0385,Renewed
10297,361,301880,1,0,0,0,0,1,51999,3,63,24,12,0.0304,Renewed
10089,794,290758.15,2,0,0,0,0,1,145.07,2,79,24,4,0.0279,Run-off
10407,812,211261,3,0,0,1,0,1,20198,2,63,60,25,0.0269,Renewed
10337,822,360890,49,1,0,0,0,1,7812,4,410,60,5,0.0385,Renewed
10655,708,811641,2,0,0,0,0,1,235,1,63,12,4,0.0279,Renewed
10260,749,203426,88,1,0,1,0,1,118059,7,300,60,7,0.0279,Renewed
10049,801,243846.84,2,0,0,0,0,1,259.4366667,2,48.16666667,60,24,0.0385,Run-off
10183,832,901489,111,1,0,1,2148.674206,1,212495,8,63,48,10.5,0.0309,Renewed
9994,354,301220.19,1,0,0,0,0,1,51801.17,3,60,24,12,0.0304,Run-off
10336,687,274933,25,1,1,0,0,1,32785,4,178,24,10,0.0385,Renewed
10284,776,1202659,135,1,1,1,0,1,10332,5,103,60,5,0.0345,Renewed
10294,467,931183,1,0,0,0,0,1,13112,2,38,48,23.5,0.0314,Renewed
10325,822,360898,49,1,0,0,0,1,7815,4,410,60,5,0.0385,Renewed
10317,767,576597,5,0,0,1,0,1,55757,2,58,60,25,0.0259,Renewed
10292,451,1510233,4,0,0,0,0,1,97041,2,38,60,25,0.0259,Renewed
10053,825,900822.64,111,1,0,1,2148.674206,1,212294.86,8,60,48,10.5,0.0309,Run-off
10537,816,52189,46,1,1,0,0,1,207844,6,419,60,17,0.0279,Renewed
10664,808,244527,2,0,0,0,0,1,464,2,52,60,24,0.0385,Renewed
10268,801,291438,2,0,0,0,0,1,349,2,82,24,4,0.0279,Renewed
10155,816,52194,46,1,1,0,0,1,207846,6,419,60,17,0.0279,Renewed
10640,816,52195,46,1,1,0,0,1,207846,6,419,60,17,0.0279,Renewed
10128,822,360908,49,1,0,0,0,1,7818,4,410,60,5,0.0385,Renewed
10492,467,931194,1,0,0,0,0,1,13116,2,38,48,23.5,0.0314,Renewed
10596,767,576606,5,0,0,1,0,1,55760,2,58,60,25,0.0259,Renewed
10178,768,119099,2,0,0,0,0,1,530,1,41,48,10,0.0385,Renewed
10242,749,203447,88,1,0,1,0,1,118065,7,300,60,7,0.0279,Renewed
10045,824,1000889,2,0,0,0,0,1,15.87,2,100,60,12,0.0279,Run-off
10086,764,648431.64,6,1,0,1,0,1,409067.67,5,122,60,15,0.0279,Run-off
10123,767,576614,5,0,0,1,0,1,55762,2,58,60,25,0.0259,Renewed
10399,467,931208,1,0,0,0,0,1,13120,2,38,48,23.5,0.0314,Renewed
10711,722,1248214,44,1,0,1,1778.468099,1,15616,7,275,60,16,0.0385,Renewed
10723,722,1248215,44,1,0,1,1778.468099,1,15616,7,275,60,16,0.0385,Renewed
10108,467,931211,1,0,0,0,0,1,13121,2,38,48,23.5,0.0314,Renewed
10580,832,901523,111,1,0,1,2148.674206,1,212505,8,64,48,10.5,0.0309,Renewed
10234,822,360927,49,1,0,0,0,1,7824,4,411,60,5,0.0385,Renewed
10105,562,311452,1,0,0,0,0,1,492,2,39,60,25,0.0269,Renewed
10181,776,1202689,135,1,1,1,0,1,10341,5,104,60,5,0.0345,Renewed
10141,722,1248219,44,1,0,1,1778.468099,1,15617,7,276,60,16,0.0385,Renewed
10259,771,649134,6,1,0,1,0,1,409278,5,126,60,15,0.0279,Renewed
10003,824,1000889,2,0,0,0,0,1,15.87,2,100,60,12,0.0279,Run-off
10547,771,649139,6,1,0,1,0,1,409280,5,126,60,15,0.0279,Renewed
10378,776,1202698,135,1,1,1,0,1,10343,5,104,60,5,0.0345,Renewed
10342,749,203475,88,1,0,1,0,1,118074,7,301,60,7,0.0279,Renewed
10376,575,610973,97,0,1,1,508,1,4540,6,82,60,16,0.0279,Renewed
10189,832,901538,111,1,0,1,2148.674206,1,212509,8,64,48,10.5,0.0309,Renewed
10479,575,610973,97,0,1,1,508,1,4540,6,82,60,16,0.0279,Renewed
10074,825,900822.64,111,1,0,1,2148.674206,1,212294.86,8,60,48,10.5,0.0309,Run-off
10369,768,119129,2,0,0,0,0,1,539,1,41,48,10,0.0385,Renewed
10239,687,274981,25,1,1,0,0,1,32800,4,179,24,10,0.0385,Renewed
10131,822,360947,49,1,0,0,0,1,7830,4,411,60,5,0.0385,Renewed
10258,816,52234,46,1,1,0,0,1,207858,6,420,60,17,0.0279,Renewed
10628,822,360948,49,1,0,0,0,1,7830,4,411,60,5,0.0385,Renewed
10736,749,203482,88,1,0,1,0,1,118076,7,301,60,7,0.0279,Renewed
10498,812,211323,3,0,0,1,0,1,20217,2,64,60,25,0.0269,Renewed
10753,801,291481,2,0,0,0,0,1,362,2,83,24,4,0.0279,Renewed
10216,767,576647,5,0,0,1,0,1,55772,2,59,60,25,0.0259,Renewed
10382,575,610982,97,0,1,1,508,1,4543,6,82,60,16,0.0279,Renewed
10425,822,360952,49,1,0,0,0,1,7831,4,411,60,5,0.0385,Renewed
10518,687,274990,25,1,1,0,0,1,32802,4,179,24,10,0.0385,Renewed
10011,825,900822.64,111,1,0,1,2148.674206,1,212294.86,8,60,48,10.5,0.0309,Run-off
10143,822,360960,49,1,0,0,0,1,7833,4,411,60,5,0.0385,Renewed
10542,749,203497,88,1,0,1,0,1,118080,7,301,60,7,0.0279,Renewed
10700,812,211338,3,0,0,1,0,1,20221,2,64,60,25,0.0269,Renewed
10046,701,810977.39,2,0,0,0,0,1,35.97,1,60,12,4,0.0279,Run-off
10309,767,576662,5,0,0,1,0,1,55776,2,59,60,25,0.0259,Renewed
10287,776,1202727,135,1,1,1,0,1,10352,5,104,60,5,0.0345,Renewed
10066,824,1000889,2,0,0,0,0,1,15.87,2,100,60,12,0.0279,Run-off
10520,722,1248258,44,1,0,1,1778.468099,1,15629,7,276,60,16,0.0385,Renewed
10489,562,311492,1,0,0,0,0,1,504,2,39,60,25,0.0269,Renewed
10059,805,210600.05,3,0,0,1,0,1,20000,2,60,60,25,0.0269,Run-off
10358,816,52257,46,1,1,0,0,1,207865,6,420,60,17,0.0279,Renewed
10365,801,291503,2,0,0,0,0,1,369,2,83,24,4,0.0279,Renewed
10757,768,119161,2,0,0,0,0,1,548,1,41,48,10,0.0385,Renewed
10427,688,275014,25,1,1,0,0,1,32809,4,179,24,10,0.0385,Renewed
10455,817,52264,46,1,1,0,0,1,207867,6,420,60,17,0.0279,Renewed
10352,817,52265,46,1,1,0,0,1,207867,6,420,60,17,0.0279,Renewed
10217,813,211354,3,0,0,1,0,1,20226,2,64,60,25,0.0269,Renewed
10281,777,1202743,135,1,1,1,0,1,10357,5,104,60,5,0.0345,Renewed
10318,813,211360,3,0,0,1,0,1,20228,2,64,60,25,0.0269,Renewed
10500,813,211362,3,0,0,1,0,1,20229,2,64,60,25,0.0269,Renewed
10731,817,52276,46,1,1,0,0,1,207871,6,420,60,17,0.0279,Renewed
10566,769,119184,2,0,0,0,0,1,555,1,42,48,10,0.0385,Renewed
10117,768,576695,5,0,0,1,0,1,55786,2,59,60,25,0.0259,Renewed
10397,452,1510333,4,0,0,0,0,1,97071,2,39,60,25,0.0259,Renewed
10232,723,1248292,44,1,0,1,1778.468099,1,15639,7,276,60,16,0.0385,Renewed
10719,823,361002,49,1,0,0,0,1,7846,4,411,60,5,0.0385,Renewed
10587,452,1510338,4,0,0,0,0,1,97073,2,39,60,25,0.0259,Renewed
10114,813,211380,3,0,0,1,0,1,20234,2,64,60,25,0.0269,Renewed
10476,576,611040,97,0,1,1,508,1,4560,6,82,60,16,0.0279,Renewed
10054,460,930511.4,1,0,0,0,0,1,12910.99,2,35,48,23.5,0.0314,Run-off
10680,452,1510345,4,0,0,0,0,1,97075,2,39,60,25,0.0259,Renewed
10651,832,1001676,2,0,0,0,0,1,252,2,104,60,12,0.0279,Renewed
10120,813,211387,3,0,0,1,0,1,20236,2,64,60,25,0.0269,Renewed
10092,761,118413.5,2,0,0,0,0,1,324.0366667,1,37.66666667,48,10,0.0385,Run-off
10581,468,931301,1,0,0,0,0,1,13148,2,39,48,23.5,0.0314,Renewed
10077,444,1509560.39,4,0,0,0,0,1,96839.51,2,35,60,25,0.0259,Run-off
10157,750,203554,88,1,0,1,0,1,118097,7,301,60,7,0.0279,Renewed
10151,750,203558,88,1,0,1,0,1,118098,7,301,60,7,0.0279,Renewed
10283,833,901621,111,1,0,1,2148.674206,1,212534,8,64,48,10.5,0.0309,Renewed
10277,769,119212,2,0,0,0,0,1,564,1,42,48,10,0.0385,Renewed
10279,576,611057,97,0,1,1,508,1,4565,6,82,60,16,0.0279,Renewed
10415,813,211400,3,0,0,1,0,1,20240,2,64,60,25,0.0269,Renewed
10263,832,1001692,2,0,0,0,0,1,257,2,104,60,12,0.0279,Renewed
10519,823,361030,49,1,0,0,0,1,7854,4,411,60,5,0.0385,Renewed
10363,832,1001695,2,0,0,0,0,1,258,2,104,60,12,0.0279,Renewed
10765,833,901629,111,1,0,1,2148.674206,1,212537,8,64,48,10.5,0.0309,Renewed
10510,813,211408,3,0,0,1,0,1,20243,2,64,60,25,0.0269,Renewed
10016,760,575923.87,5,0,0,1,0,1,55555,2,55,60,25,0.0259,Run-off
10659,809,244657,2,0,0,0,0,1,503,2,52,60,24,0.0385,Renewed
10035,444,1509560.39,4,0,0,0,0,1,96839.51,2,35,60,25,0.0259,Run-off
10002,764,648431.64,6,1,0,1,0,1,409067.67,5,122,60,15,0.0279,Run-off
10597,813,211411,3,0,0,1,0,1,20243,2,64,60,25,0.0269,Renewed
10702,813,211412,3,0,0,1,0,1,20244,2,64,60,25,0.0269,Renewed
10733,750,203578,88,1,0,1,0,1,118105,7,301,60,7,0.0279,Renewed
10727,750,203579,88,1,0,1,0,1,118105,7,301,60,7,0.0279,Renewed
10578,777,1202810,135,1,1,1,0,1,10377,5,104,60,5,0.0345,Renewed
10020,680,274263.55,25,1,1,0,0,1,32584.34,4,175,24,10,0.0385,Run-off
10738,772,649257,6,1,0,1,0,1,409315,5,126,60,15,0.0279,Renewed
10426,723,1248343,44,1,0,1,1778.468099,1,15655,7,276,60,16,0.0385,Renewed
10559,802,291585,2,0,0,0,0,1,393,2,83,24,4,0.0279,Renewed
10009,769,1201987.73,135,1,1,1,0,1,10130.21,5,100,60,5,0.0345,Run-off
10058,760,575923.87,5,0,0,1,0,1,55555,2,55,60,25,0.0259,Run-off
10449,817,52342,46,1,1,0,0,1,207890,6,420,60,17,0.0279,Renewed
10272,769,119243,2,0,0,0,0,1,573,1,42,48,10,0.0385,Renewed
10645,750,203591,88,1,0,1,0,1,118108,7,301,60,7,0.0279,Renewed
10574,833,901653,111,1,0,1,2148.674206,1,212544,8,64,48,10.5,0.0309,Renewed
10154,750,203594,88,1,0,1,0,1,118109,7,301,60,7,0.0279,Renewed
10485,563,311584,1,0,0,0,0,1,532,2,39,60,25,0.0269,Renewed
10410,768,576759,5,0,0,1,0,1,55805,2,59,60,25,0.0259,Renewed
10147,772,649268,6,1,0,1,0,1,409319,5,126,60,15,0.0279,Renewed
10644,772,649270,6,1,0,1,0,1,409319,5,126,60,15,0.0279,Renewed
10493,563,311591,1,0,0,0,0,1,534,2,39,60,25,0.0269,Renewed
10553,772,649274,6,1,0,1,0,1,409321,5,126,60,15,0.0279,Renewed
10657,832,1001734,2,0,0,0,0,1,269,2,104,60,12,0.0279,Renewed
10486,452,1510406,4,0,0,0,0,1,97093,2,39,60,25,0.0259,Renewed
10448,750,203608,88,1,0,1,0,1,118114,7,301,60,7,0.0279,Renewed
10373,810,244700,2,0,0,0,0,1,515,2,52,60,24,0.0385,Renewed
10371,810,244701,2,0,0,0,0,1,516,2,52,60,24,0.0385,Renewed
10508,814,211454,3,0,0,1,0,1,20256,2,64,60,25,0.0269,Renewed
10067,701,810977.39,2,0,0,0,0,1,35.97,1,60,12,4,0.0279,Run-off
10319,824,361083,49,1,0,0,0,1,7870,4,411,60,5,0.0385,Renewed
10770,577,611115,97,0,1,1,508,1,4583,6,82,60,16,0.0279,Renewed
10362,803,291615,2,0,0,0,0,1,402,2,83,24,4,0.0279,Renewed
10469,770,119273,2,0,0,0,0,1,582,1,42,48,10,0.0385,Renewed
10194,564,311612,1,0,0,0,0,1,541,2,39,60,25,0.0269,Renewed
10372,770,119275,2,0,0,0,0,1,583,1,42,48,10,0.0385,Renewed
10208,769,576786,5,0,0,1,0,1,55814,2,59,60,25,0.0259,Renewed
10579,577,611120,97,0,1,1,508,1,4584,6,82,60,16,0.0279,Renewed
10186,834,901689,111,1,0,1,2148.674206,1,212555,8,64,48,10.5,0.0309,Renewed
10293,363,302092,1,0,0,0,0,1,52063,3,64,24,12,0.0304,Renewed
10101,564,311624,1,0,0,0,0,1,544,2,39,60,25,0.0269,Renewed
10540,818,52386,46,1,1,0,0,1,207904,6,420,60,17,0.0279,Renewed
10099,363,302094,1,0,0,0,0,1,52063,3,64,24,12,0.0304,Renewed
10084,742,202761.09,88,1,0,1,0,1,117859.48,7,297,60,7,0.0279,Run-off
10552,818,52388,46,1,1,0,0,1,207904,6,420,60,17,0.0279,Renewed
10218,769,576802,5,0,0,1,0,1,55818,2,59,60,25,0.0259,Renewed
10555,710,811857,2,0,0,0,0,1,300,1,64,12,4,0.0279,Renewed
10253,773,649315,6,1,0,1,0,1,409333,5,126,60,15,0.0279,Renewed
10487,363,302105,1,0,0,0,0,1,52067,3,64,24,12,0.0304,Renewed
10191,577,611145,97,0,1,1,508,1,4592,6,82,60,16,0.0279,Renewed
10696,814,211489,3,0,0,1,0,1,20267,2,64,60,25,0.0269,Renewed
10198,564,311643,1,0,0,0,0,1,550,2,39,60,25,0.0269,Renewed
10761,810,244739,2,0,0,0,0,1,527,2,53,60,24,0.0385,Renewed
10534,818,52407,46,1,1,0,0,1,207910,6,420,60,17,0.0279,Renewed
10505,769,576819,5,0,0,1,0,1,55823,2,59,60,25,0.0259,Renewed
10560,833,1001787,2,0,0,0,0,1,285,2,104,60,12,0.0279,Renewed
10244,773,649330,6,1,0,1,0,1,409337,5,126,60,15,0.0279,Renewed
10616,824,361126,49,1,0,0,0,1,7883,4,411,60,5,0.0385,Renewed
10165,773,649334,6,1,0,1,0,1,409338,5,127,60,15,0.0279,Renewed
10169,833,1001792,2,0,0,0,0,1,287,2,105,60,12,0.0279,Renewed
10096,469,931415,1,0,0,0,0,1,13182,2,40,48,23.5,0.0314,Renewed
10729,773,649336,6,1,0,1,0,1,409339,5,127,60,15,0.0279,Renewed
10192,834,901729,111,1,0,1,2148.674206,1,212567,8,65,48,10.5,0.0309,Renewed
10406,769,576833,5,0,0,1,0,1,55828,2,60,60,25,0.0259,Renewed
10605,814,211510,3,0,0,1,0,1,20273,2,65,60,25,0.0269,Renewed
10305,769,576835,5,0,0,1,0,1,55828,2,60,60,25,0.0259,Renewed
10168,803,291670,2,0,0,0,0,1,419,2,84,24,4,0.0279,Renewed
10149,818,52425,46,1,1,0,0,1,207915,6,421,60,17,0.0279,Renewed
10193,469,931425,1,0,0,0,0,1,13185,2,40,48,23.5,0.0314,Renewed
10502,814,211513,3,0,0,1,0,1,20274,2,65,60,25,0.0269,Renewed
10772,778,1202901,135,1,1,1,0,1,10404,5,105,60,5,0.0345,Renewed
10375,778,1202903,135,1,1,1,0,1,10405,5,105,60,5,0.0345,Renewed
10496,469,931429,1,0,0,0,0,1,13186,2,40,48,23.5,0.0314,Renewed
10462,803,291676,2,0,0,0,0,1,420,2,84,24,4,0.0279,Renewed
10524,689,275182,25,1,1,0,0,1,32860,4,180,24,10,0.0385,Renewed
10543,818,52432,46,1,1,0,0,1,207917,6,421,60,17,0.0279,Renewed
10392,564,311672,1,0,0,0,0,1,558,2,40,60,25,0.0269,Renewed
10236,689,275186,25,1,1,0,0,1,32861,4,180,24,10,0.0385,Renewed
10638,773,649356,6,1,0,1,0,1,409345,5,127,60,15,0.0279,Renewed
10213,814,211526,3,0,0,1,0,1,20278,2,65,60,25,0.0269,Renewed
10102,453,1510486,4,0,0,0,0,1,97117,2,40,60,25,0.0259,Renewed
10709,689,275190,25,1,1,0,0,1,32862,4,180,24,10,0.0385,Renewed
10274,810,244774,2,0,0,0,0,1,538,2,53,60,24,0.0385,Renewed
10454,751,203693,88,1,0,1,0,1,118139,7,302,60,7,0.0279,Renewed
10014,444,1509560.39,4,0,0,0,0,1,96839.51,2,35,60,25,0.0259,Run-off
9998,715,1247516.94,44,1,0,1,1778.468099,1,15406.83,7,272,60,16,0.0385,Run-off
10435,724,1248456,44,1,0,1,1778.468099,1,15688,7,277,60,16,0.0385,Renewed
10032,825,900822.64,111,1,0,1,2148.674206,1,212294.86,8,60,48,10.5,0.0309,Run-off
10512,814,211544,3,0,0,1,0,1,20283,2,65,60,25,0.0269,Renewed
10338,724,1248461,44,1,0,1,1778.468099,1,15690,7,277,60,16,0.0385,Renewed
10206,769,576868,5,0,0,1,0,1,55838,2,60,60,25,0.0259,Renewed
10411,814,211545,3,0,0,1,0,1,20283,2,65,60,25,0.0269,Renewed
10419,824,361173,49,1,0,0,0,1,7897,4,412,60,5,0.0385,Renewed
10564,774,402887,1,0,0,0,0,1,479,1,45,60,16,0.0385,Renewed
10490,453,1510508,4,0,0,0,0,1,97124,2,40,60,25,0.0259,Renewed
10475,778,1202937,135,1,1,1,0,1,10415,5,105,60,5,0.0345,Renewed
10013,555,310750.69,1,0,0,0,0,1,282.03,2,35,60,25,0.0269,Run-off
10771,835,901773,111,1,0,1,2148.674206,1,212580,8,65,48,10.5,0.0309,Renewed
10199,454,1510517,4,0,0,0,0,1,97127,2,40,60,25,0.0259,Renewed
10658,775,402897,1,0,0,0,0,1,482,1,45,60,16,0.0385,Renewed
10767,578,611220,97,0,1,1,508,1,4614,6,83,60,16,0.0279,Renewed
10447,774,649393,6,1,0,1,0,1,409356,5,127,60,15,0.0279,Renewed
10571,835,901785,111,1,0,1,2148.674206,1,212584,8,65,48,10.5,0.0309,Renewed
10743,819,52477,46,1,1,0,0,1,207931,6,421,60,17,0.0279,Renewed
10530,690,275228,25,1,1,0,0,1,32874,4,180,24,10,0.0385,Renewed
10748,834,1001853,2,0,0,0,0,1,305,2,105,60,12,0.0279,Renewed
10037,760,575923.87,5,0,0,1,0,1,55555,2,55,60,25,0.0259,Run-off
10238,725,1248484,44,1,0,1,1778.468099,1,15697,7,277,60,16,0.0385,Renewed
10583,454,1510529,4,0,0,0,0,1,97130,2,40,60,25,0.0259,Renewed
10758,775,402909,1,0,0,0,0,1,486,1,45,60,16,0.0385,Renewed
10125,825,361199,49,1,0,0,0,1,7905,4,412,60,5,0.0385,Renewed
10480,835,901800,111,1,0,1,2148.674206,1,212588,8,65,48,10.5,0.0309,Renewed
10575,779,1202967,135,1,1,1,0,1,10424,5,105,60,5,0.0345,Renewed
10269,834,1001871,2,0,0,0,0,1,310,2,105,60,12,0.0279,Renewed
10085,809,51512.9,46,1,1,0,0,1,207641.47,6,416,60,17,0.0279,Run-off
10360,834,1001872,2,0,0,0,0,1,311,2,105,60,12,0.0279,Renewed
10421,690,275247,25,1,1,0,0,1,32879,4,180,24,10,0.0385,Renewed
10465,811,244831,2,0,0,0,0,1,555,2,53,60,24,0.0385,Renewed
10333,690,275248,25,1,1,0,0,1,32880,4,180,24,10,0.0385,Renewed
10052,568,610258.05,97,0,1,1,508,1,4325.65,6,78,60,16,0.0279,Run-off
10704,815,211586,3,0,0,1,0,1,20296,2,65,60,25,0.0269,Renewed
10043,809,51512.9,46,1,1,0,0,1,207641.47,6,416,60,17,0.0279,Run-off
10401,815,211589,3,0,0,1,0,1,20297,2,65,60,25,0.0269,Renewed
10715,690,275253,25,1,1,0,0,1,32881,4,180,24,10,0.0385,Renewed
10491,364,302212,1,0,0,0,0,1,52099,3,65,24,12,0.0304,Renewed
10229,725,1248510,44,1,0,1,1778.468099,1,15705,7,277,60,16,0.0385,Renewed
10098,454,1510553,4,0,0,0,0,1,97137,2,40,60,25,0.0259,Renewed
10612,690,275258,25,1,1,0,0,1,32883,4,180,24,10,0.0385,Renewed
10467,775,402935,1,0,0,0,0,1,493,1,45,60,16,0.0385,Renewed
10298,470,931507,1,0,0,0,0,1,13210,2,40,48,23.5,0.0314,Renewed
10546,819,52509,46,1,1,0,0,1,207940,6,421,60,17,0.0279,Renewed
10737,819,52510,46,1,1,0,0,1,207940,6,421,60,17,0.0279,Renewed
10393,454,1510558,4,0,0,0,0,1,97139,2,40,60,25,0.0259,Renewed
10129,725,1248515,44,1,0,1,1778.468099,1,15706,7,277,60,16,0.0385,Renewed
